"First Name","Last Name",Username,Email,"Verified User",Gender,"Number of Vehicles","Joined On"
Rishabh,Gupta,rishabhgupta,rishabhgupta@yopmail.com,,Male,5,"December 11, 2022"
Assunta,Raynor,assunta-raynor,jacklyn65@example.com,"2022-12-11 09:24:39",Female,5,"July 31, 1981"
Holly,Kshlerin,holly-kshlerin,hane.alivia@example.org,,Female,4,"August 02, 2005"
Adonis,Kessler,adonis-kessler,casper.lisa@example.com,,Male,8,"May 13, 2021"
Albina,Buckridge,albina-buckridge,isabell.weissnat@example.org,"2022-12-11 09:24:39",Female,6,"October 14, 2020"
Sven,Gulgowski,sven-gulgowski,cooper.crooks@example.com,"2022-12-11 09:24:39",Male,8,"October 11, 1973"
Meda,Hill,meda-hill,abbott.rowan@example.net,,Male,6,"February 23, 1980"
Murray,Mueller,murray-mueller,hartmann.samir@example.org,"2022-12-11 09:24:39",Female,7,"April 02, 2018"
Hubert,Mills,hubert-mills,albina.hyatt@example.org,,Female,10,"January 09, 1970"
Fay,Mante,fay-mante,sporer.trevor@example.net,"2022-12-11 09:24:39",Male,2,"January 11, 1974"
Beverly,Kunde,beverly-kunde,asa.collins@example.org,,Male,2,"June 27, 1971"
Carolanne,Lockman,carolanne-lockman,jheathcote@example.net,,Female,2,"September 05, 1983"
Sheridan,Graham,sheridan-graham,spencer.jerod@example.com,"2022-12-11 09:24:39",Female,3,"January 07, 1991"
Thelma,Hills,thelma-hills,larkin.billy@example.net,,Female,1,"April 22, 2016"
Bella,Waelchi,bella-waelchi,mhettinger@example.org,,Male,7,"September 08, 1988"
Juston,Mayert,juston-mayert,wehner.twila@example.org,"2022-12-11 09:24:39",Male,7,"September 25, 1992"
Delphia,Gerhold,delphia-gerhold,loraine25@example.com,"2022-12-11 09:24:39",Female,10,"July 03, 1985"
Tamia,Schuster,tamia-schuster,emard.otho@example.com,,Male,9,"May 19, 1997"
Ephraim,Ortiz,ephraim-ortiz,kcollier@example.net,,Female,3,"September 10, 1973"
Madeline,Frami,madeline-frami,monroe.langosh@example.com,"2022-12-11 09:24:39",Male,6,"January 03, 1979"
Eloisa,Walker,eloisa-walker,macie.hauck@example.com,,Female,9,"July 04, 2010"
Cedrick,Sanford,cedrick-sanford,diego.beier@example.net,,Male,8,"August 04, 1972"
Maybelle,Willms,maybelle-willms,greenholt.richard@example.net,,Female,7,"June 09, 1991"
Mabelle,Welch,mabelle-welch,jessika99@example.net,"2022-12-11 09:24:39",Female,6,"May 07, 1976"
Dasia,Towne,dasia-towne,adibbert@example.org,"2022-12-11 09:24:39",Female,1,"December 18, 1991"
Stephan,Rolfson,stephan-rolfson,matilde.rohan@example.com,,Male,3,"April 28, 1997"
Dillon,Mayer,dillon-mayer,reffertz@example.net,"2022-12-11 09:24:39",Female,2,"July 03, 1970"
Armand,Collins,armand-collins,fritz82@example.net,"2022-12-11 09:24:39",Male,7,"October 17, 2008"
Hollie,Gulgowski,hollie-gulgowski,mortimer32@example.com,,Female,5,"May 26, 2021"
Lulu,Feest,lulu-feest,irunolfsdottir@example.net,"2022-12-11 09:24:39",Male,6,"December 11, 2015"
Luther,Goldner,luther-goldner,tbrakus@example.net,,Female,8,"August 04, 1972"
Marlin,Pagac,marlin-pagac,ybotsford@example.org,,Male,7,"November 29, 1979"
Alison,Hackett,alison-hackett,joaquin50@example.com,"2022-12-11 09:24:39",Female,4,"March 13, 1993"
Wilson,Fahey,wilson-fahey,mgibson@example.org,,Male,9,"February 07, 2000"
Rupert,Flatley,rupert-flatley,collins.leila@example.com,"2022-12-11 09:24:39",Male,10,"January 15, 1977"
Matteo,Luettgen,matteo-luettgen,deborah81@example.org,"2022-12-11 09:24:39",Male,1,"March 17, 2001"
Marta,Gorczany,marta-gorczany,sterling79@example.org,,Male,8,"August 11, 2022"
Michel,Kub,michel-kub,stefanie39@example.com,"2022-12-11 09:24:39",Female,6,"September 28, 2001"
Daisha,Barrows,daisha-barrows,rowe.adolphus@example.net,,Male,1,"March 24, 1981"
Demetris,Reichert,demetris-reichert,dylan65@example.org,"2022-12-11 09:24:39",Female,10,"August 17, 1992"
Julian,Cassin,julian-cassin,jayce83@example.com,"2022-12-11 09:24:39",Female,9,"August 10, 2004"
Mario,Rogahn,mario-rogahn,ebalistreri@example.com,,Male,10,"December 31, 1999"
Mathias,Runolfsson,mathias-runolfsson,kailey30@example.org,,Female,9,"February 28, 2006"
Gregg,Russel,gregg-russel,jwelch@example.com,,Female,8,"January 02, 2006"
Dallin,Weissnat,dallin-weissnat,ystoltenberg@example.net,"2022-12-11 09:24:39",Female,7,"October 27, 1974"
Elvie,Ratke,elvie-ratke,bartoletti.rodrick@example.com,"2022-12-11 09:24:39",Male,6,"March 01, 2019"
Orie,Wiegand,orie-wiegand,cayla58@example.org,"2022-12-11 09:24:39",Female,3,"October 20, 2006"
Casandra,Tillman,casandra-tillman,christian37@example.org,"2022-12-11 09:24:39",Female,3,"October 29, 2021"
Anne,West,anne-west,marlon.little@example.net,"2022-12-11 09:24:39",Male,1,"August 12, 1977"
Halle,Wolf,halle-wolf,tony.morissette@example.net,,Male,3,"November 24, 1990"
Dante,Bauch,dante-bauch,amir.kessler@example.com,,Female,6,"March 08, 1972"
Guadalupe,Wisozk,guadalupe-wisozk,stella.ledner@example.org,,Female,7,"January 21, 2004"
Asa,Wilkinson,asa-wilkinson,bergnaum.alta@example.com,,Male,5,"October 10, 1971"
Elnora,Crist,elnora-crist,vicenta67@example.com,"2022-12-11 09:24:39",Female,7,"August 29, 2014"
Breanna,Purdy,breanna-purdy,vernon33@example.org,"2022-12-11 09:24:39",Female,3,"June 18, 1980"
Gregory,Hegmann,gregory-hegmann,lesch.rae@example.org,,Female,3,"February 04, 2010"
Reese,Klocko,reese-klocko,runolfsdottir.anita@example.net,"2022-12-11 09:24:39",Male,1,"October 02, 2019"
Otho,Schoen,otho-schoen,wdach@example.org,"2022-12-11 09:24:39",Female,7,"December 18, 1992"
Neva,Metz,neva-metz,upredovic@example.org,,Female,9,"November 16, 2010"
Sadie,Moore,sadie-moore,marley81@example.com,"2022-12-11 09:24:39",Female,2,"November 15, 1986"
Maud,Corwin,maud-corwin,darrel.marks@example.net,,Female,8,"September 21, 1996"
Leann,DuBuque,leann-dubuque,heidi.streich@example.org,"2022-12-11 09:24:39",Female,10,"November 23, 2021"
Breanna,Wilderman,breanna-wilderman,diego98@example.com,,Male,4,"July 08, 1982"
Jean,Gerhold,jean-gerhold,cecile69@example.org,"2022-12-11 09:24:39",Male,9,"May 29, 2019"
Dominic,Rolfson,dominic-rolfson,micah.kulas@example.com,"2022-12-11 09:24:39",Male,9,"August 20, 2009"
Alva,Little,alva-little,chanelle17@example.com,,Female,6,"March 09, 1997"
Margarett,Krajcik,margarett-krajcik,miller.sonya@example.com,"2022-12-11 09:24:39",Female,9,"January 02, 2000"
Frederick,Reichel,frederick-reichel,klein.selena@example.net,"2022-12-11 09:24:39",Female,3,"April 02, 2014"
Felicia,Schoen,felicia-schoen,cglover@example.org,,Female,10,"October 19, 1997"
Gaetano,Jones,gaetano-jones,elmore57@example.org,,Male,5,"September 17, 1984"
Marjory,Spinka,marjory-spinka,annamarie89@example.net,,Male,1,"January 09, 2020"
Shanelle,Graham,shanelle-graham,ova.kozey@example.com,"2022-12-11 09:24:39",Male,10,"April 13, 2017"
Elwyn,Adams,elwyn-adams,odonnelly@example.net,"2022-12-11 09:24:39",Female,4,"August 17, 1995"
Victor,Bailey,victor-bailey,lamar.johnson@example.org,,Male,7,"August 09, 1972"
Morton,Christiansen,morton-christiansen,jana24@example.org,"2022-12-11 09:24:39",Female,2,"July 16, 1972"
Ralph,Williamson,ralph-williamson,clittel@example.com,"2022-12-11 09:24:39",Female,8,"January 27, 2020"
Rosina,Batz,rosina-batz,vilma66@example.net,,Female,10,"January 17, 2010"
Pearlie,Sporer,pearlie-sporer,rernser@example.com,,Male,5,"September 07, 1975"
Vinnie,Towne,vinnie-towne,gcarter@example.org,,Male,6,"August 23, 1996"
Gaetano,Dickinson,gaetano-dickinson,ykoelpin@example.com,,Female,3,"August 04, 2004"
Gideon,Homenick,gideon-homenick,qokeefe@example.com,,Female,1,"May 12, 2013"
June,Sawayn,june-sawayn,wunsch.jayme@example.org,,Male,1,"October 30, 2016"
Jaleel,Simonis,jaleel-simonis,khilpert@example.net,,Female,10,"July 15, 1976"
Liliana,Gorczany,liliana-gorczany,fadel.jarod@example.net,"2022-12-11 09:24:39",Male,5,"October 02, 2015"
Brandt,Price,brandt-price,berniece68@example.net,,Female,6,"July 19, 2014"
Bertha,Wilkinson,bertha-wilkinson,christina96@example.com,,Male,6,"April 06, 1990"
Bryon,Abbott,bryon-abbott,pinkie.fay@example.com,"2022-12-11 09:24:39",Female,4,"June 11, 2002"
Weston,Nienow,weston-nienow,gutmann.hal@example.com,"2022-12-11 09:24:39",Female,7,"February 04, 1985"
Keenan,Huel,keenan-huel,bradtke.jerrold@example.net,,Male,7,"March 02, 2009"
Kaden,Hyatt,kaden-hyatt,terence.williamson@example.com,,Female,8,"May 15, 2015"
Brooklyn,Littel,brooklyn-littel,greyson25@example.com,"2022-12-11 09:24:39",Female,1,"November 19, 1999"
Kade,Jerde,kade-jerde,larkin.tessie@example.org,"2022-12-11 09:24:39",Male,4,"March 30, 2011"
Genevieve,Deckow,genevieve-deckow,kessler.flavio@example.org,,Female,3,"June 18, 1974"
Reinhold,Yost,reinhold-yost,zulauf.felton@example.net,,Male,7,"August 02, 1998"
Clint,Schoen,clint-schoen,shad.harris@example.org,,Female,2,"June 30, 2004"
Kelley,Crist,kelley-crist,bernhard.orval@example.com,,Male,7,"April 11, 1987"
Murray,Hermiston,murray-hermiston,nhyatt@example.net,"2022-12-11 09:24:39",Male,7,"December 22, 1983"
Camille,Braun,camille-braun,vance.conroy@example.com,,Male,2,"July 28, 2003"
Clara,Stoltenberg,clara-stoltenberg,noemy71@example.com,,Male,5,"August 12, 2008"
Deontae,Schamberger,deontae-schamberger,greenfelder.elmo@example.com,"2022-12-11 09:24:39",Female,8,"December 02, 1973"
Brigitte,Sawayn,brigitte-sawayn,ryan.vaughn@example.com,"2022-12-11 09:24:39",Male,6,"November 21, 1991"
